URL,Version,Status,OIDs,Name,Title,Descriptino,Uses,Used,Sources
http://hl7.org/fhir/ValueSet/iso3166-1-3,4.0.1,active,,Iso3166-1-3,Iso 3166 Part 1: 3 Letter Codes,"This value set defines the ISO 3166 Part 1 3-letter codes","StructureDefinition/IMMZCountryOfVaccination,StructureDefinition/IMMZD13,Questionnaire/QIMMZD13","hl7.terminology.r4"
http://smart.who.int/immunizations/ValueSet/DD,0.2.0,active,,DD,Decision Table,"Value Set for Decision Table. Autogenerated from DAK artifacts",,"Internal"
http://smart.who.int/immunizations/ValueSet/IMMZ.C.DE5,null,active,,IMMZ_C_DE5,IMMZ.C.DE5 ValueSet for Sex,"ValueSet for Sex for IMMZ.C.DE5",,"Internal"
http://smart.who.int/immunizations/ValueSet/IMMZ.C.DE5,0.2.0,active,,IMMZ_C_DE5,IMMZ.C.DE5 ValueSet for Sex,"ValueSet for Sex for IMMZ.C.DE5","StructureDefinition/IMMZC4","Internal"
http://smart.who.int/immunizations/ValueSet/IMMZ.D.DE1,null,active,,IMMZ_D_DE1,IMMZ.D.DE1 ValueSet for Immunization event status,"ValueSet for Immunization event status for IMMZ.D.DE1",,"Internal"
http://smart.who.int/immunizations/ValueSet/IMMZ.D.DE1,0.2.0,active,,IMMZ_D_DE1,IMMZ.D.DE1 ValueSet for Immunization event status,"ValueSet for Immunization event status for IMMZ.D.DE1","StructureDefinition/IMMZD13","Internal"
http://smart.who.int/immunizations/ValueSet/IMMZ.D.DE107,null,active,,IMMZ_D_DE107,IMMZ.D.DE107 ValueSet for Type of reaction,"ValueSet for Type of reaction for IMMZ.D.DE107",,"Internal"
http://smart.who.int/immunizations/ValueSet/IMMZ.D.DE107,0.2.0,active,,IMMZ_D_DE107,IMMZ.D.DE107 ValueSet for Type of reaction,"ValueSet for Type of reaction for IMMZ.D.DE107","StructureDefinition/IMMZ.AdverseEvent,StructureDefinition/IMMZD17","Internal"
http://smart.who.int/immunizations/ValueSet/IMMZ.D.DE115,null,active,,IMMZ_D_DE115,IMMZ.D.DE115 ValueSet for Reaction outcome,"ValueSet for Reaction outcome for IMMZ.D.DE115",,"Internal"
http://smart.who.int/immunizations/ValueSet/IMMZ.D.DE115,0.2.0,active,,IMMZ_D_DE115,IMMZ.D.DE115 ValueSet for Reaction outcome,"ValueSet for Reaction outcome for IMMZ.D.DE115","StructureDefinition/IMMZD17","Internal"
http://smart.who.int/immunizations/ValueSet/IMMZ.D.DE126,null,active,,IMMZ_D_DE126,IMMZ.D.DE126 ValueSet for Disease targeted,"ValueSet for Disease targeted for IMMZ.D.DE126",,"Internal"
http://smart.who.int/immunizations/ValueSet/IMMZ.D.DE126,0.2.0,active,,IMMZ_D_DE126,IMMZ.D.DE126 ValueSet for Disease targeted,"ValueSet for Disease targeted for IMMZ.D.DE126","StructureDefinition/IMMZD13","Internal"
http://smart.who.int/immunizations/ValueSet/IMMZ.D.DE156,null,active,,IMMZ_D_DE156,IMMZ.D.DE156 ValueSet for Immunization recommendation status,"ValueSet for Immunization recommendation status for IMMZ.D.DE156",,"Internal"
http://smart.who.int/immunizations/ValueSet/IMMZ.D.DE156,0.2.0,active,,IMMZ_D_DE156,IMMZ.D.DE156 ValueSet for Immunization recommendation status,"ValueSet for Immunization recommendation status for IMMZ.D.DE156","StructureDefinition/IMMZD2","Internal"
http://smart.who.int/immunizations/ValueSet/IMMZ.D.DE161,null,active,,IMMZ_D_DE161,IMMZ.D.DE161 ValueSet for Potential contraindications,"ValueSet for Potential contraindications for IMMZ.D.DE161",,"Internal"
http://smart.who.int/immunizations/ValueSet/IMMZ.D.DE161,0.2.0,active,,IMMZ_D_DE161,IMMZ.D.DE161 ValueSet for Potential contraindications,"ValueSet for Potential contraindications for IMMZ.D.DE161","StructureDefinition/IMMZD5","Internal"
http://smart.who.int/immunizations/ValueSet/IMMZ.D.DE18,null,active,,IMMZ_D_DE18,IMMZ.D.DE18 ValueSet for Vaccine brand,"ValueSet for Vaccine brand for IMMZ.D.DE18",,"Internal"
http://smart.who.int/immunizations/ValueSet/IMMZ.D.DE18,0.2.0,active,,IMMZ_D_DE18,IMMZ.D.DE18 ValueSet for Vaccine brand,"ValueSet for Vaccine brand for IMMZ.D.DE18","StructureDefinition/IMMZVaccineBrand,StructureDefinition/IMMZD13","Internal"
http://smart.who.int/immunizations/ValueSet/IMMZ.D.DE19,0.2.0,active,,IMMZ_D_DE19,IMMZ.D.DE19 ValueSet for Vaccine type,"ValueSet for Vaccine type for IMMZ.D.DE19",,
http://smart.who.int/immunizations/ValueSet/IMMZ.D.DE204,null,active,,IMMZ_D_DE204,IMMZ.D.DE204 ValueSet for HIV status,"ValueSet for HIV status for IMMZ.D.DE204",,"Internal"
http://smart.who.int/immunizations/ValueSet/IMMZ.D.DE204,null,active,,IMMZ_D_DE204,IMMZ.D.DE204 ValueSet for HIV status,"ValueSet for HIV status for IMMZ.D.DE204",,"Internal"
http://smart.who.int/immunizations/ValueSet/IMMZ.D.DE204,0.2.0,active,,IMMZ_D_DE204,IMMZ.D.DE204 ValueSet for HIV status,"ValueSet for HIV status for IMMZ.D.DE204","StructureDefinition/IMMZD1,StructureDefinition/IMMZD13","Internal"
http://smart.who.int/immunizations/ValueSet/IMMZ.D.DE212,null,active,,IMMZ_D_DE212,IMMZ.D.DE212 ValueSet for Type of poliovirus dose,"ValueSet for Type of poliovirus dose for IMMZ.D.DE212",,"Internal"
http://smart.who.int/immunizations/ValueSet/IMMZ.D.DE212,null,active,,IMMZ_D_DE212,IMMZ.D.DE212 ValueSet for Type of poliovirus dose,"ValueSet for Type of poliovirus dose for IMMZ.D.DE212",,"Internal"
http://smart.who.int/immunizations/ValueSet/IMMZ.D.DE212,0.2.0,active,,IMMZ_D_DE212,IMMZ.D.DE212 ValueSet for Type of poliovirus dose,"ValueSet for Type of poliovirus dose for IMMZ.D.DE212","StructureDefinition/IMMZD1,StructureDefinition/IMMZ.Immunization,StructureDefinition/IMMZD13","Internal"
http://smart.who.int/immunizations/ValueSet/IMMZ.D.DE216,null,active,,IMMZ_D_DE216,IMMZ.D.DE216 ValueSet for Type of JE dose,"ValueSet for Type of JE dose for IMMZ.D.DE216",,"Internal"
http://smart.who.int/immunizations/ValueSet/IMMZ.D.DE216,null,active,,IMMZ_D_DE216,IMMZ.D.DE216 ValueSet for Type of JE dose,"ValueSet for Type of JE dose for IMMZ.D.DE216",,"Internal"
http://smart.who.int/immunizations/ValueSet/IMMZ.D.DE216,0.2.0,active,,IMMZ_D_DE216,IMMZ.D.DE216 ValueSet for Type of JE dose,"ValueSet for Type of JE dose for IMMZ.D.DE216","StructureDefinition/IMMZD1,StructureDefinition/IMMZ.Immunization,StructureDefinition/IMMZD13","Internal"
http://smart.who.int/immunizations/ValueSet/IMMZ.D.DE220,null,active,,IMMZ_D_DE220,IMMZ.D.DE220 ValueSet for Type of TBE dose,"ValueSet for Type of TBE dose for IMMZ.D.DE220",,"Internal"
http://smart.who.int/immunizations/ValueSet/IMMZ.D.DE220,null,active,,IMMZ_D_DE220,IMMZ.D.DE220 ValueSet for Type of TBE dose,"ValueSet for Type of TBE dose for IMMZ.D.DE220",,"Internal"
http://smart.who.int/immunizations/ValueSet/IMMZ.D.DE220,0.2.0,active,,IMMZ_D_DE220,IMMZ.D.DE220 ValueSet for Type of TBE dose,"ValueSet for Type of TBE dose for IMMZ.D.DE220","StructureDefinition/IMMZD1,StructureDefinition/IMMZ.Immunization,StructureDefinition/IMMZD13","Internal"
http://smart.who.int/immunizations/ValueSet/IMMZ.D.DE225,null,active,,IMMZ_D_DE225,IMMZ.D.DE225 ValueSet for Type of typhoid dose,"ValueSet for Type of typhoid dose for IMMZ.D.DE225",,"Internal"
http://smart.who.int/immunizations/ValueSet/IMMZ.D.DE225,null,active,,IMMZ_D_DE225,IMMZ.D.DE225 ValueSet for Type of typhoid dose,"ValueSet for Type of typhoid dose for IMMZ.D.DE225",,"Internal"
http://smart.who.int/immunizations/ValueSet/IMMZ.D.DE225,0.2.0,active,,IMMZ_D_DE225,IMMZ.D.DE225 ValueSet for Type of typhoid dose,"ValueSet for Type of typhoid dose for IMMZ.D.DE225","StructureDefinition/IMMZD1,StructureDefinition/IMMZ.Immunization,StructureDefinition/IMMZD13","Internal"
http://smart.who.int/immunizations/ValueSet/IMMZ.D.DE229,null,active,,IMMZ_D_DE229,IMMZ.D.DE229 ValueSet for Type of cholera dose,"ValueSet for Type of cholera dose for IMMZ.D.DE229",,"Internal"
http://smart.who.int/immunizations/ValueSet/IMMZ.D.DE229,null,active,,IMMZ_D_DE229,IMMZ.D.DE229 ValueSet for Type of cholera dose,"ValueSet for Type of cholera dose for IMMZ.D.DE229",,"Internal"
http://smart.who.int/immunizations/ValueSet/IMMZ.D.DE229,0.2.0,active,,IMMZ_D_DE229,IMMZ.D.DE229 ValueSet for Type of cholera dose,"ValueSet for Type of cholera dose for IMMZ.D.DE229","StructureDefinition/IMMZD1,StructureDefinition/IMMZ.Immunization,StructureDefinition/IMMZD13","Internal"
http://smart.who.int/immunizations/ValueSet/IMMZ.D.DE23,null,active,,IMMZ_D_DE23,IMMZ.D.DE23 ValueSet for Vaccine manufacturer ,"ValueSet for Vaccine manufacturer  for IMMZ.D.DE23",,"Internal"
http://smart.who.int/immunizations/ValueSet/IMMZ.D.DE23,0.2.0,active,,IMMZ_D_DE23,IMMZ.D.DE23 ValueSet for Vaccine manufacturer ,"ValueSet for Vaccine manufacturer  for IMMZ.D.DE23","StructureDefinition/IMMZD13","Internal"
http://smart.who.int/immunizations/ValueSet/IMMZ.D.DE232,null,active,,IMMZ_D_DE232,IMMZ.D.DE232 ValueSet for Type of meningococcal dose,"ValueSet for Type of meningococcal dose for IMMZ.D.DE232",,"Internal"
http://smart.who.int/immunizations/ValueSet/IMMZ.D.DE232,null,active,,IMMZ_D_DE232,IMMZ.D.DE232 ValueSet for Type of meningococcal dose,"ValueSet for Type of meningococcal dose for IMMZ.D.DE232",,"Internal"
http://smart.who.int/immunizations/ValueSet/IMMZ.D.DE232,0.2.0,active,,IMMZ_D_DE232,IMMZ.D.DE232 ValueSet for Type of meningococcal dose,"ValueSet for Type of meningococcal dose for IMMZ.D.DE232","StructureDefinition/IMMZD1,StructureDefinition/IMMZD13","Internal"
http://smart.who.int/immunizations/ValueSet/IMMZ.D.DE237,null,active,,IMMZ_D_DE237,IMMZ.D.DE237 ValueSet for Type of hepatitis A dose,"ValueSet for Type of hepatitis A dose for IMMZ.D.DE237",,"Internal"
http://smart.who.int/immunizations/ValueSet/IMMZ.D.DE237,null,active,,IMMZ_D_DE237,IMMZ.D.DE237 ValueSet for Type of hepatitis A dose,"ValueSet for Type of hepatitis A dose for IMMZ.D.DE237",,"Internal"
http://smart.who.int/immunizations/ValueSet/IMMZ.D.DE237,0.2.0,active,,IMMZ_D_DE237,IMMZ.D.DE237 ValueSet for Type of hepatitis A dose,"ValueSet for Type of hepatitis A dose for IMMZ.D.DE237","StructureDefinition/IMMZD1,StructureDefinition/IMMZ.Immunization,StructureDefinition/IMMZD13","Internal"
http://smart.who.int/immunizations/ValueSet/IMMZ.D.DE241,null,active,,IMMZ_D_DE241,IMMZ.D.DE241 ValueSet for Dengue serostatus,"ValueSet for Dengue serostatus for IMMZ.D.DE241",,"Internal"
http://smart.who.int/immunizations/ValueSet/IMMZ.D.DE241,0.2.0,active,,IMMZ_D_DE241,IMMZ.D.DE241 ValueSet for Dengue serostatus,"ValueSet for Dengue serostatus for IMMZ.D.DE241","StructureDefinition/IMMZD1","Internal"
http://smart.who.int/immunizations/ValueSet/IMMZ.D.DE243,null,active,,IMMZ_D_DE243,IMMZ.D.DE243 ValueSet for Type of TB infection test performed,"ValueSet for Type of TB infection test performed for IMMZ.D.DE243",,"Internal"
http://smart.who.int/immunizations/ValueSet/IMMZ.D.DE243,0.2.0,active,,IMMZ_D_DE243,IMMZ.D.DE243 ValueSet for Type of TB infection test performed,"ValueSet for Type of TB infection test performed for IMMZ.D.DE243","StructureDefinition/IMMZD1","Internal"
http://smart.who.int/immunizations/ValueSet/IMMZ.D.DE246,null,active,,IMMZ_D_DE246,IMMZ.D.DE246 ValueSet for TB infection test result,"ValueSet for TB infection test result for IMMZ.D.DE246",,"Internal"
http://smart.who.int/immunizations/ValueSet/IMMZ.D.DE246,0.2.0,active,,IMMZ_D_DE246,IMMZ.D.DE246 ValueSet for TB infection test result,"ValueSet for TB infection test result for IMMZ.D.DE246","StructureDefinition/IMMZD1","Internal"
http://smart.who.int/immunizations/ValueSet/IMMZ.D.DE25,null,active,,IMMZ_D_DE25,IMMZ.D.DE25 ValueSet for Vaccine market authorization holder,"ValueSet for Vaccine market authorization holder for IMMZ.D.DE25",,"Internal"
http://smart.who.int/immunizations/ValueSet/IMMZ.D.DE25,0.2.0,active,,IMMZ_D_DE25,IMMZ.D.DE25 ValueSet for Vaccine market authorization holder,"ValueSet for Vaccine market authorization holder for IMMZ.D.DE25","StructureDefinition/IMMZMarketAuthorization,StructureDefinition/IMMZD13","Internal"
http://smart.who.int/immunizations/ValueSet/IMMZ.D.DE254,null,active,,IMMZ_D_DE254,IMMZ.D.DE254 ValueSet for Type of hepatitis B dose,"ValueSet for Type of hepatitis B dose for IMMZ.D.DE254",,"Internal"
http://smart.who.int/immunizations/ValueSet/IMMZ.D.DE254,null,active,,IMMZ_D_DE254,IMMZ.D.DE254 ValueSet for Type of hepatitis B dose,"ValueSet for Type of hepatitis B dose for IMMZ.D.DE254",,"Internal"
http://smart.who.int/immunizations/ValueSet/IMMZ.D.DE254,0.2.0,active,,IMMZ_D_DE254,IMMZ.D.DE254 ValueSet for Type of hepatitis B dose,"ValueSet for Type of hepatitis B dose for IMMZ.D.DE254","StructureDefinition/IMMZD1,StructureDefinition/IMMZ.Immunization,StructureDefinition/IMMZD13","Internal"
http://smart.who.int/immunizations/ValueSet/IMMZ.D.DE258,null,active,,IMMZ_D_DE258,IMMZ.D.DE258 ValueSet for Type of dose,"ValueSet for Type of dose for IMMZ.D.DE258",,"Internal"
http://smart.who.int/immunizations/ValueSet/IMMZ.D.DE258,null,active,,IMMZ_D_DE258,IMMZ.D.DE258 ValueSet for Type of dose,"ValueSet for Type of dose for IMMZ.D.DE258",,"Internal"
http://smart.who.int/immunizations/ValueSet/IMMZ.D.DE258,0.2.0,active,,IMMZ_D_DE258,IMMZ.D.DE258 ValueSet for Type of dose,"ValueSet for Type of dose for IMMZ.D.DE258","StructureDefinition/IMMZD1,StructureDefinition/IMMZD13","Internal"
http://smart.who.int/immunizations/ValueSet/IMMZ.D.DE5,null,active,,IMMZ_D_DE5,IMMZ.D.DE5 ValueSet for Reason vaccine was not administered,"ValueSet for Reason vaccine was not administered for IMMZ.D.DE5",,"Internal"
http://smart.who.int/immunizations/ValueSet/IMMZ.D.DE5,0.2.0,active,,IMMZ_D_DE5,IMMZ.D.DE5 ValueSet for Reason vaccine was not administered,"ValueSet for Reason vaccine was not administered for IMMZ.D.DE5","StructureDefinition/IMMZ.Immunization,StructureDefinition/IMMZD13","Internal"
http://smart.who.int/immunizations/ValueSet/IMMZ.D.DE86,null,active,,IMMZ_D_DE86,IMMZ.D.DE86 ValueSet for Client education and counselling on immunization,"ValueSet for Client education and counselling on immunization for IMMZ.D.DE86",,"Internal"
http://smart.who.int/immunizations/ValueSet/IMMZ.D.DE86,0.2.0,active,,IMMZ_D_DE86,IMMZ.D.DE86 ValueSet for Client education and counselling on immunization,"ValueSet for Client education and counselling on immunization for IMMZ.D.DE86","StructureDefinition/IMMZD7","Internal"
http://smart.who.int/immunizations/ValueSet/IMMZ.D.DE95,null,active,,IMMZ_D_DE95,IMMZ.D.DE95 ValueSet for Reaction manifestation,"ValueSet for Reaction manifestation for IMMZ.D.DE95",,"Internal"
http://smart.who.int/immunizations/ValueSet/IMMZ.D.DE95,0.2.0,active,,IMMZ_D_DE95,IMMZ.D.DE95 ValueSet for Reaction manifestation,"ValueSet for Reaction manifestation for IMMZ.D.DE95","StructureDefinition/IMMZ.AdverseEvent,StructureDefinition/IMMZD17","Internal"
http://smart.who.int/immunizations/ValueSet/IMMZ.D.Observation,0.2.0,active,,IMMZ_D_Observation,IMMZ.D.Observation ValueSet for Sex,"ValueSet for Observation codes for IMMZ.D","StructureDefinition/IMMZ.Observation","Internal"
http://smart.who.int/immunizations/ValueSet/IMMZ.D2.DT.Cholera.WC,0.2.0,active,,IMMZ_D2_DT_Cholera_WC_vaccines,IMMZ.D2.DT.Cholera.WC ValueSet for Decision Table,"ValueSet IMMZ.D2.DT.Cholera.WC for IMMZ.D2.DT.Cholera.WC vaccines. Business rule: Determine if the client is due for a cholera vaccination according to the national immunization schedule Trigger: IMMZ.D2 Determine required vaccination(s) if any   Table: Whole-cell (WC) vaccines schedule",,"Internal"
http://smart.who.int/immunizations/ValueSet/IMMZ.D2.DT.Cholera.rBS2to5,0.2.0,active,,IMMZ_D2_DT_Cholera_WC_rBS_vaccine_3_doses,IMMZ.D2.DT.Cholera.rBS2to5 ValueSet for Decision Table,"ValueSet IMMZ.D2.DT.Cholera.rBS2to5 for IMMZ.D2.DT.Cholera.WC-rBS vaccine 3 doses. Business rule: Determine if the client is due for a cholera vaccination according to the national immunization schedule Trigger: IMMZ.D2 Determine required vaccination(s) if any   Table: Whole cell-recombinant B subunit (WC-rBS) vaccine, 3-dose schedule for clients aged 2â€“5 years",,"Internal"
http://smart.who.int/immunizations/ValueSet/IMMZ.D2.DT.Cholera.rBSover5,0.2.0,active,,IMMZ_D2_DT_Cholera_WC_rBS_vaccine_2_doses,IMMZ.D2.DT.Cholera.rBSover5 ValueSet for Decision Table,"ValueSet IMMZ.D2.DT.Cholera.rBSover5 for IMMZ.D2.DT.Cholera.WC-rBS vaccine 2 doses. Business rule: Determine if the client is due for a cholera vaccination according to the national immunization schedule Trigger: IMMZ.D2 Determine required vaccination(s) if any   Table: Whole cell-recombinant B subunit (WC-rBS) vaccine, 2-dose schedule for clients aged over 5 years",,"Internal"
http://smart.who.int/immunizations/ValueSet/IMMZ.D2.DT.Dengue.NoScreen,0.2.0,active,,IMMZ_D2_DT_Dengue_3_doses_without_pre_vaccination_screening,IMMZ.D2.DT.Dengue.NoScreen ValueSet for Decision Table,"ValueSet IMMZ.D2.DT.Dengue.NoScreen for IMMZ.D2.DT.Dengue.3 doses without pre-vaccination screening. Business rule: Determine if the client is due for a dengue vaccination according to the national immunization schedule Trigger: IMMZ.D2 Determine required vaccination(s) if any   Table: CYD-TDV (Dengvaxia), 3-dose schedule without pre-vaccination screening [when pre-vaccination screening is not feasible and in areas with recent documentation of seroprevalence rates of at least 80% by age 9 years]",,"Internal"
http://smart.who.int/immunizations/ValueSet/IMMZ.D2.DT.Dengue.Seropos,0.2.0,active,,IMMZ_D2_DT_Dengue_3_doses_with_pre_vaccination_screening,IMMZ.D2.DT.Dengue.Seropos ValueSet for Decision Table,"ValueSet IMMZ.D2.DT.Dengue.Seropos for IMMZ.D2.DT.Dengue.3 doses with pre-vaccination screening. Business rule: Determine if the client is due for a dengue vaccination according to the national immunization schedule Trigger: IMMZ.D2 Determine required vaccination(s) if any   Table: CYD-TDV (Dengvaxia), 3-dose schedule with pre-vaccination screening, the recommended strategy where feasible (pre-vaccination screening whereby only those tested seropositive would be vaccinated)",,"Internal"
http://smart.who.int/immunizations/ValueSet/IMMZ.D2.DT.HepatitisA.IHAV1,0.2.0,active,,IMMZ_D2_DT_Hepatitis_A_Inactivated_HAV_1_dose,IMMZ.D2.DT.HepatitisA.IHAV1 ValueSet for Decision Table,"ValueSet IMMZ.D2.DT.HepatitisA.IHAV1 for IMMZ.D2.DT.Hepatitis A.Inactivated HAV 1 dose. Business rule: Determine if the client is due for a hepatitis A vaccination according to the national immunization schedule Trigger: IMMZ.D2 Determine required vaccination(s) if any   Table: Inactivated hepatitis A virus (HAV), 1-dose schedule",,"Internal"
http://smart.who.int/immunizations/ValueSet/IMMZ.D2.DT.HepatitisA.IHAV2,0.2.0,active,,IMMZ_D2_DT_Hepatitis_A_Inactivated_HAV_2_doses,IMMZ.D2.DT.HepatitisA.IHAV2 ValueSet for Decision Table,"ValueSet IMMZ.D2.DT.HepatitisA.IHAV2 for IMMZ.D2.DT.Hepatitis A.Inactivated HAV 2 doses. Business rule: Determine if the client is due for a hepatitis A vaccination according to the national immunization schedule Trigger: IMMZ.D2 Determine required vaccination(s) if any   Table: Inactivated hepatitis A virus (HAV), 2-dose schedule",,"Internal"
http://smart.who.int/immunizations/ValueSet/IMMZ.D2.DT.HepatitisA.LHAV1,0.2.0,active,,IMMZ_D2_DT_Hepatitis_A_Live_attenuated_HAV_1_dose,IMMZ.D2.DT.HepatitisA.LHAV1 ValueSet for Decision Table,"ValueSet IMMZ.D2.DT.HepatitisA.LHAV1 for IMMZ.D2.DT.Hepatitis A.Live attenuated HAV 1 dose. Business rule: Determine if the client is due for a hepatitis A vaccination according to the national immunization schedule Trigger: IMMZ.D2 Determine required vaccination(s) if any   Table: Live attenuated hepatitis A virus (HAV), 1 dose schedule",,"Internal"
http://smart.who.int/immunizations/ValueSet/IMMZ.D2.DT.Malaria.4Dose,0.2.0,active,,IMMZ_D2_DT_Malaria,IMMZ.D2.DT.Malaria.4Dose ValueSet for Decision Table,"ValueSet IMMZ.D2.DT.Malaria.4Dose for IMMZ.D2.DT.Malaria. Business rule: Determine if the client is due for a malaria vaccination according to the national immunization schedule Trigger: IMMZ.D2 Determine required vaccination(s) if any   Table: 4-dose schedule (The RTS,S/AS01 malaria vaccine should be used for the prevention of Plasmodium falciparum malaria in children living in regions with moderate to high malaria transmission, as defined by WHO)         ",,"Internal"
http://smart.who.int/immunizations/ValueSet/IMMZ.D2.DT.Meningococcal.MenA1,0.2.0,active,,IMMZ_D2_DT_Meningococcal_MenA_conjugate_vaccine_1_dose,IMMZ.D2.DT.Meningococcal.MenA1 ValueSet for Decision Table,"ValueSet IMMZ.D2.DT.Meningococcal.MenA1 for IMMZ.D2.DT.Meningococcal.MenA conjugate vaccine 1 dose. Business rule: Determine if the client is due for a meningococcal vaccination according to the national immunization schedule Trigger: IMMZ.D2 Determine required vaccination(s) if any   Table: MenA conjugate vaccine, 1-dose schedule",,"Internal"
http://smart.who.int/immunizations/ValueSet/IMMZ.D2.DT.Meningococcal.MenA2,0.2.0,active,,IMMZ_D2_DT_Meningococcal_MenA_conjugate_vaccine_2_doses,IMMZ.D2.DT.Meningococcal.MenA2 ValueSet for Decision Table,"ValueSet IMMZ.D2.DT.Meningococcal.MenA2 for IMMZ.D2.DT.Meningococcal.MenA conjugate vaccine 2 doses. Business rule: Determine if the client is due for a meningococcal vaccination according to the national immunization schedule Trigger: IMMZ.D2 Determine required vaccination(s) if any   Table: MenA conjugate vaccine, 2-dose schedule (specific context where there is a compelling reason to vaccinate infants aged under 9 months)",,"Internal"
http://smart.who.int/immunizations/ValueSet/IMMZ.D2.DT.Meningococcal.MenC,0.2.0,active,,IMMZ_D2_DT_Meningococcal_Monovalent_MenC_conjugate_vaccine_,IMMZ.D2.DT.Meningococcal.MenC ValueSet for Decision Table,"ValueSet IMMZ.D2.DT.Meningococcal.MenC for IMMZ.D2.DT.Meningococcal.Monovalent MenC conjugate vaccine . Business rule: Determine if the client is due for a meningococcal vaccination according to the national immunization schedule Trigger: IMMZ.D2 Determine required vaccination(s) if any   Table: Monovalent MenC conjugate vaccine schedule",,"Internal"
http://smart.who.int/immunizations/ValueSet/IMMZ.D2.DT.Meningococcal.Poly,0.2.0,active,,IMMZ_D2_DT_Meningococcal_Polysaccharide_vaccines,IMMZ.D2.DT.Meningococcal.Poly ValueSet for Decision Table,"ValueSet IMMZ.D2.DT.Meningococcal.Poly for IMMZ.D2.DT.Meningococcal.Polysaccharide vaccines. Business rule: Determine if the client is due for a meningococcal vaccination according to the national immunization schedule Trigger: IMMZ.D2 Determine required vaccination(s) if any   Table: Polysaccharide vaccines schedule (Polysaccharide vaccines can be used to control outbreaks in countries where limited economic resources or insufficient supply restrict the use of meningococcal conjugate vaccines)",,"Internal"
http://smart.who.int/immunizations/ValueSet/IMMZ.D2.DT.Meningococcal.Quad1,0.2.0,active,,IMMZ_D2_DT_Meningococcal_Quadrivalent_conjugate_vaccines_1_dose,IMMZ.D2.DT.Meningococcal.Quad1 ValueSet for Decision Table,"ValueSet IMMZ.D2.DT.Meningococcal.Quad1 for IMMZ.D2.DT.Meningococcal.Quadrivalent conjugate vaccines 1 dose. Business rule: Determine if the client is due for a meningococcal vaccination according to the national immunization schedule Trigger: IMMZ.D2 Determine required vaccination(s) if any   Table: Quadrivalent conjugate vaccines (A,C,W135,Y-CRM), 1-dose schedule",,"Internal"
http://smart.who.int/immunizations/ValueSet/IMMZ.D2.DT.Meningococcal.Quad2,0.2.0,active,,IMMZ_D2_DT_Meningococcal_Quadrivalent_conjugate_vaccines_2_doses,IMMZ.D2.DT.Meningococcal.Quad2 ValueSet for Decision Table,"ValueSet IMMZ.D2.DT.Meningococcal.Quad2 for IMMZ.D2.DT.Meningococcal.Quadrivalent conjugate vaccines 2 doses. Business rule: Determine if the client is due for a meningococcal vaccination according to the national immunization schedule Trigger: IMMZ.D2 Determine required vaccination(s) if any   Table: Quadrivalent conjugate vaccines (A,C,W135,Y-D), 2-dose schedule",,"Internal"
http://smart.who.int/immunizations/ValueSet/IMMZ.D2.DT.Mumps.2Dose,0.2.0,active,,IMMZ_D2_DT_Mumps,IMMZ.D2.DT.Mumps.2Dose ValueSet for Decision Table,"ValueSet IMMZ.D2.DT.Mumps.2Dose for IMMZ.D2.DT.Mumps. Business rule: Determine if the client is due for a mumps vaccination according to the national immunization schedule Trigger: IMMZ.D2  Determine required vaccination(s) if any Table: 2-dose schedule (countries with mumps in schedule and low transmission of measles)         ",,"Internal"
http://smart.who.int/immunizations/ValueSet/IMMZ.D2.DT.Rabies.PrEP,0.2.0,active,,IMMZ_D2_DT_Rabies,IMMZ.D2.DT.Rabies.PrEP ValueSet for Decision Table,"ValueSet IMMZ.D2.DT.Rabies.PrEP for IMMZ.D2.DT.Rabies. Business rule: Determine if the client is due for a rabies vaccination according to the national immunization schedule Trigger: IMMZ.D2 Determine required vaccination(s) if any Table: Pre-exposure prophylaxis (PrEP), 2-dose scheme; high risk of rabies virus exposure",,"Internal"
http://smart.who.int/immunizations/ValueSet/IMMZ.D2.DT.Seasonalinfluenza.2Dose,0.2.0,active,,IMMZ_D2_DT_Seasonal_influenza,IMMZ.D2.DT.Seasonalinfluenza.2Dose ValueSet for Decision Table,"ValueSet IMMZ.D2.DT.Seasonalinfluenza.2Dose for IMMZ.D2.DT.Seasonal influenza. Business rule: Determine if the client is due for a seasonal influenza vaccination according to the national immunization schedule Trigger: IMMZ.D2 Determine required vaccination(s) if any   Table: Inactivated trivalent and quadrivalent vaccines, 2-dose schedule",,"Internal"
http://smart.who.int/immunizations/ValueSet/IMMZ.D2.DT.Varicella.1Dose,0.2.0,active,,IMMZ_D2_DT_Varicella_1_dose,IMMZ.D2.DT.Varicella.1Dose ValueSet for Decision Table,"ValueSet IMMZ.D2.DT.Varicella.1Dose for IMMZ.D2.DT.Varicella.1 dose. Business rule: Determine if the client is due for a varicella vaccination according to the national immunization schedule Trigger: IMMZ.D2 Determine required vaccination(s) if any   Table: 1-dose schedule",,"Internal"
http://smart.who.int/immunizations/ValueSet/IMMZ.D2.DT.Varicella.2Dose,0.2.0,active,,IMMZ_D2_DT_Varicella_2_doses,IMMZ.D2.DT.Varicella.2Dose ValueSet for Decision Table,"ValueSet IMMZ.D2.DT.Varicella.2Dose for IMMZ.D2.DT.Varicella.2 doses. Business rule: Determine if the client is due for a varicella vaccination according to the national immunization schedule Trigger: IMMZ.D2 Determine required vaccination(s) if any   Table: 2-dose schedule",,"Internal"
http://smart.who.int/immunizations/ValueSet/IMMZ.D5.DT.Dengue.CI,0.2.0,active,,IMMZ_D5_DT_Dengue_contraindications,IMMZ.D5.DT.Dengue.CI ValueSet for Decision Table,"ValueSet IMMZ.D5.DT.Dengue.CI for IMMZ.D5.DT.Dengue contraindications. Business rule: Check for contraindications before administering the vaccine(s) due  Trigger: IMMZ.D5 Determine vaccine(s) to be administered based on contraindications Table: Potential contraindications",,"Internal"
http://smart.who.int/immunizations/ValueSet/IMMZ.D5.DT.HepatitisA.CI,0.2.0,active,,IMMZ_D5_DT_Hepatitis_A_contraindications,IMMZ.D5.DT.HepatitisA.CI ValueSet for Decision Table,"ValueSet IMMZ.D5.DT.HepatitisA.CI for IMMZ.D5.DT.Hepatitis A contraindications. Business rule: Check for contraindications before administering the vaccine(s) due  Trigger: IMMZ.D5 Determine vaccine(s) to be administered based on contraindications Table: Potential contraindications",,"Internal"
http://smart.who.int/immunizations/ValueSet/IMMZ.D5.DT.Malaria.CI,0.2.0,active,,IMMZ_D5_DT_Malaria_contraindications,IMMZ.D5.DT.Malaria.CI ValueSet for Decision Table,"ValueSet IMMZ.D5.DT.Malaria.CI for IMMZ.D5.DT.Malaria contraindications. Business rule: Check for contraindications before administering the vaccine(s) due  Trigger: IMMZ.D5 Determine vaccine(s) to be administered based on contraindications Table: Potential contraindications",,"Internal"
http://smart.who.int/immunizations/ValueSet/IMMZ.D5.DT.Meningococcal.CI,0.2.0,active,,IMMZ_D5_DT_Meningococcal_contraindications,IMMZ.D5.DT.Meningococcal.CI ValueSet for Decision Table,"ValueSet IMMZ.D5.DT.Meningococcal.CI for IMMZ.D5.DT.Meningococcal contraindications. Business rule: Check for contraindications before administering the vaccine(s) due  Trigger: IMMZ.D5 Determine vaccine(s) to be administered based on contraindications Table: Potential contraindications",,"Internal"
http://smart.who.int/immunizations/ValueSet/IMMZ.D5.DT.Mumps.CI,0.2.0,active,,IMMZ_D5_DT_Mumps_contraindications,IMMZ.D5.DT.Mumps.CI ValueSet for Decision Table,"ValueSet IMMZ.D5.DT.Mumps.CI for IMMZ.D5.DT.Mumps contraindications. Business rule: Check for contraindications before administering the vaccine(s) due  Trigger: IMMZ.D5 Determine vaccine(s) to be administered based on contraindications Table: Potential contraindications",,"Internal"
http://smart.who.int/immunizations/ValueSet/IMMZ.D5.DT.Rabies.CI,0.2.0,active,,IMMZ_D5_DT_Rabies_contraindications,IMMZ.D5.DT.Rabies.CI ValueSet for Decision Table,"ValueSet IMMZ.D5.DT.Rabies.CI for IMMZ.D5.DT.Rabies contraindications. Business rule: Check for contraindications before administering the vaccine(s) due  Trigger: IMMZ.D5 Determine vaccine(s) to be administered based on contraindications Table: Potential contraindications",,"Internal"
http://smart.who.int/immunizations/ValueSet/IMMZ.D5.DT.Seasonalinfluenza.CI,0.2.0,active,,IMMZ_D5_DT_Seasonal_influenza_contraindications,IMMZ.D5.DT.Seasonalinfluenza.CI ValueSet for Decision Table,"ValueSet IMMZ.D5.DT.Seasonalinfluenza.CI for IMMZ.D5.DT.Seasonal influenza contraindications. Business rule: Check for contraindications before administering the vaccine(s) due  Trigger: IMMZ.D5 Determine vaccine(s) to be administered based on contraindications Table: Potential contraindications",,"Internal"
http://smart.who.int/immunizations/ValueSet/IMMZ.D5.DT.Varicella.CI,0.2.0,active,,IMMZ_D5_DT_Varicella_contraindications,IMMZ.D5.DT.Varicella.CI ValueSet for Decision Table,"ValueSet IMMZ.D5.DT.Varicella.CI for IMMZ.D5.DT.Varicella contraindications. Business rule: Check for contraindications before administering the vaccine(s) due  Trigger: IMMZ.D5 Determine vaccine(s) to be administered based on contraindications Table: Potential contraindications",,"Internal"
http://smart.who.int/immunizations/ValueSet/IMMZ.I.DE30,0.2.0,active,,IMMZ_I_DE30,IMMZ.I.DE30 ValueSet for Disaggregation group,"ValueSet for Disaggregation group for IMMZ.I.DE30",,"Internal"
http://smart.who.int/immunizations/ValueSet/IMMZ.I.DE48,0.2.0,active,,IMMZ_I_DE48,IMMZ.I.DE48 ValueSet for Closed stock discarded type,"ValueSet for Closed stock discarded type for IMMZ.I.DE48",,"Internal"
http://smart.who.int/immunizations/ValueSet/IMMZ.Z.DE1,0.2.0,active,,IMMZ_Z_DE1,IMMZ.Z.DE1 ValueSet for BCG vaccines,"ValueSet for BCG vaccines for IMMZ.Z.DE1","ValueSet/IMMZ.Z.VS","SCT,Internal,hl7.terminology.r4"
http://smart.who.int/immunizations/ValueSet/IMMZ.Z.DE1,null,active,,IMMZ_Z_DE1,IMMZ.Z.DE1 ValueSet for BCG vaccines,"ValueSet for BCG vaccines for IMMZ.Z.DE1",,"SCT,Internal,hl7.terminology.r4"
http://smart.who.int/immunizations/ValueSet/IMMZ.Z.DE10,0.2.0,active,,IMMZ_Z_DE10,IMMZ.Z.DE10 ValueSet for Meningococcal vaccines,"ValueSet for Meningococcal vaccines for IMMZ.Z.DE10","ValueSet/IMMZ.Z.VS","SCT,Internal,hl7.terminology.r4"
http://smart.who.int/immunizations/ValueSet/IMMZ.Z.DE10,null,active,,IMMZ_Z_DE10,IMMZ.Z.DE10 ValueSet for Meningococcal vaccines,"ValueSet for Meningococcal vaccines for IMMZ.Z.DE10",,"SCT,Internal,hl7.terminology.r4"
http://smart.who.int/immunizations/ValueSet/IMMZ.Z.DE10,null,active,,IMMZ_Z_DE10,IMMZ.Z.DE10 ValueSet for Meningococcal vaccines,"ValueSet for Meningococcal vaccines for IMMZ.Z.DE10",,"SCT,Internal,hl7.terminology.r4"
http://smart.who.int/immunizations/ValueSet/IMMZ.Z.DE11,0.2.0,active,,IMMZ_Z_DE11,IMMZ.Z.DE11 ValueSet for Mumps-containing vaccines,"ValueSet for Mumps-containing vaccines for IMMZ.Z.DE11","ValueSet/IMMZ.Z.VS","SCT,Internal,LOINC,hl7.terminology.r4"
http://smart.who.int/immunizations/ValueSet/IMMZ.Z.DE12,0.2.0,active,,IMMZ_Z_DE12,IMMZ.Z.DE12 ValueSet for Pertussis-containing vaccines,"ValueSet for Pertussis-containing vaccines for IMMZ.Z.DE12","ValueSet/IMMZ.Z.VS","SCT,Internal,hl7.terminology.r4"
http://smart.who.int/immunizations/ValueSet/IMMZ.Z.DE13,0.2.0,active,,IMMZ_Z_DE13,IMMZ.Z.DE13 ValueSet for Pneumococcal vaccines,"ValueSet for Pneumococcal vaccines for IMMZ.Z.DE13","ValueSet/IMMZ.Z.VS","SCT,Internal,hl7.terminology.r4"
http://smart.who.int/immunizations/ValueSet/IMMZ.Z.DE13,null,active,,IMMZ_Z_DE13,IMMZ.Z.DE13 ValueSet for Pneumococcal vaccines,"ValueSet for Pneumococcal vaccines for IMMZ.Z.DE13",,"SCT,Internal,hl7.terminology.r4"
http://smart.who.int/immunizations/ValueSet/IMMZ.Z.DE14,0.2.0,active,,IMMZ_Z_DE14,IMMZ.Z.DE14 ValueSet for Poliovirus-containing vaccines,"ValueSet for Poliovirus-containing vaccines for IMMZ.Z.DE14","ValueSet/IMMZ.Z.VS","SCT,Internal,hl7.terminology.r4"
http://smart.who.int/immunizations/ValueSet/IMMZ.Z.DE14,null,active,,IMMZ_Z_DE14,IMMZ.Z.DE14 ValueSet for Poliovirus-containing vaccines,"ValueSet for Poliovirus-containing vaccines for IMMZ.Z.DE14",,"SCT,Internal,hl7.terminology.r4"
http://smart.who.int/immunizations/ValueSet/IMMZ.Z.DE14,null,active,,IMMZ_Z_DE14,IMMZ.Z.DE14 ValueSet for Poliovirus-containing vaccines,"ValueSet for Poliovirus-containing vaccines for IMMZ.Z.DE14",,"SCT,Internal,hl7.terminology.r4"
http://smart.who.int/immunizations/ValueSet/IMMZ.Z.DE15,0.2.0,active,,IMMZ_Z_DE15,IMMZ.Z.DE15 ValueSet for Rabies vaccines,"ValueSet for Rabies vaccines for IMMZ.Z.DE15","ValueSet/IMMZ.Z.VS","SCT,Internal,hl7.terminology.r4"
http://smart.who.int/immunizations/ValueSet/IMMZ.Z.DE15,null,active,,IMMZ_Z_DE15,IMMZ.Z.DE15 ValueSet for Rabies vaccines,"ValueSet for Rabies vaccines for IMMZ.Z.DE15",,"SCT,Internal,hl7.terminology.r4"
http://smart.who.int/immunizations/ValueSet/IMMZ.Z.DE16,0.2.0,active,,IMMZ_Z_DE16,IMMZ.Z.DE16 ValueSet for Rotavirus vaccines,"ValueSet for Rotavirus vaccines for IMMZ.Z.DE16","ValueSet/IMMZ.Z.VS","SCT,Internal,hl7.terminology.r4"
http://smart.who.int/immunizations/ValueSet/IMMZ.Z.DE17,0.2.0,active,,IMMZ_Z_DE17,IMMZ.Z.DE17 ValueSet for Rubella-containing vaccines,"ValueSet for Rubella-containing vaccines for IMMZ.Z.DE17","ValueSet/IMMZ.Z.VS","SCT,Internal,LOINC,hl7.terminology.r4"
http://smart.who.int/immunizations/ValueSet/IMMZ.Z.DE18,0.2.0,active,,IMMZ_Z_DE18,IMMZ.Z.DE18 ValueSet for Seasonal influenza vaccines,"ValueSet for Seasonal influenza vaccines for IMMZ.Z.DE18","ValueSet/IMMZ.Z.VS","SCT,Internal,hl7.terminology.r4"
http://smart.who.int/immunizations/ValueSet/IMMZ.Z.DE19,0.2.0,active,,IMMZ_Z_DE19,IMMZ.Z.DE19 ValueSet for Tetanus-containing vaccines,"ValueSet for Tetanus-containing vaccines for IMMZ.Z.DE19","ValueSet/IMMZ.Z.VS","Internal,hl7.terminology.r4"
http://smart.who.int/immunizations/ValueSet/IMMZ.Z.DE2,0.2.0,active,,IMMZ_Z_DE2,IMMZ.Z.DE2 ValueSet for Cholera vaccines,"ValueSet for Cholera vaccines for IMMZ.Z.DE2","ValueSet/IMMZ.Z.VS","SCT,Internal,hl7.terminology.r4"
http://smart.who.int/immunizations/ValueSet/IMMZ.Z.DE2,null,active,,IMMZ_Z_DE2,IMMZ.Z.DE2 ValueSet for Cholera vaccines,"ValueSet for Cholera vaccines for IMMZ.Z.DE2",,"SCT,Internal,hl7.terminology.r4"
http://smart.who.int/immunizations/ValueSet/IMMZ.Z.DE2,null,active,,IMMZ_Z_DE2,IMMZ.Z.DE2 ValueSet for Cholera vaccines,"ValueSet for Cholera vaccines for IMMZ.Z.DE2",,"SCT,Internal,hl7.terminology.r4"
http://smart.who.int/immunizations/ValueSet/IMMZ.Z.DE20,0.2.0,active,,IMMZ_Z_DE20,IMMZ.Z.DE20 ValueSet for TBE vaccines,"ValueSet for TBE vaccines for IMMZ.Z.DE20","ValueSet/IMMZ.Z.VS","SCT,Internal,hl7.terminology.r4"
http://smart.who.int/immunizations/ValueSet/IMMZ.Z.DE20,null,active,,IMMZ_Z_DE20,IMMZ.Z.DE20 ValueSet for TBE vaccines,"ValueSet for TBE vaccines for IMMZ.Z.DE20",,"SCT,Internal,hl7.terminology.r4"
http://smart.who.int/immunizations/ValueSet/IMMZ.Z.DE20,null,active,,IMMZ_Z_DE20,IMMZ.Z.DE20 ValueSet for TBE vaccines,"ValueSet for TBE vaccines for IMMZ.Z.DE20",,"SCT,Internal,hl7.terminology.r4"
http://smart.who.int/immunizations/ValueSet/IMMZ.Z.DE21,0.2.0,active,,IMMZ_Z_DE21,IMMZ.Z.DE21 ValueSet for Typhoid vaccines,"ValueSet for Typhoid vaccines for IMMZ.Z.DE21","ValueSet/IMMZ.Z.VS","Internal,hl7.terminology.r4"
http://smart.who.int/immunizations/ValueSet/IMMZ.Z.DE21,null,active,,IMMZ_Z_DE21,IMMZ.Z.DE21 ValueSet for Typhoid vaccines,"ValueSet for Typhoid vaccines for IMMZ.Z.DE21",,"Internal,hl7.terminology.r4"
http://smart.who.int/immunizations/ValueSet/IMMZ.Z.DE21,null,active,,IMMZ_Z_DE21,IMMZ.Z.DE21 ValueSet for Typhoid vaccines,"ValueSet for Typhoid vaccines for IMMZ.Z.DE21",,"Internal,hl7.terminology.r4"
http://smart.who.int/immunizations/ValueSet/IMMZ.Z.DE22,0.2.0,active,,IMMZ_Z_DE22,IMMZ.Z.DE22 ValueSet for Varicella-containing vaccines,"ValueSet for Varicella-containing vaccines for IMMZ.Z.DE22","ValueSet/IMMZ.Z.VS","SCT,Internal,hl7.terminology.r4"
http://smart.who.int/immunizations/ValueSet/IMMZ.Z.DE23,0.2.0,active,,IMMZ_Z_DE23,IMMZ.Z.DE23 ValueSet for Yellow fever vaccines,"ValueSet for Yellow fever vaccines for IMMZ.Z.DE23","ValueSet/IMMZ.Z.VS","SCT,Internal,hl7.terminology.r4"
http://smart.who.int/immunizations/ValueSet/IMMZ.Z.DE24,0.2.0,active,,IMMZ_Z_DE24,IMMZ.Z.DE24 ValueSet for DTP-containing vaccines,"ValueSet for DTP-containing vaccines for IMMZ.Z.DE24","ValueSet/IMMZ.Z.VS","SCT,Internal,hl7.terminology.r4"
http://smart.who.int/immunizations/ValueSet/IMMZ.Z.DE25,0.2.0,active,,IMMZ_Z_DE25,IMMZ.Z.DE25 ValueSet for Dengue vaccines,"ValueSet for Dengue vaccines for IMMZ.Z.DE25","ValueSet/IMMZ.Z.VS","Internal,hl7.terminology.r4"
http://smart.who.int/immunizations/ValueSet/IMMZ.Z.DE25,null,active,,IMMZ_Z_DE25,IMMZ.Z.DE25 ValueSet for Dengue vaccines,"ValueSet for Dengue vaccines for IMMZ.Z.DE25",,"Internal,hl7.terminology.r4"
http://smart.who.int/immunizations/ValueSet/IMMZ.Z.DE26,0.2.0,active,,IMMZ_Z_DE26,IMMZ.Z.DE26 ValueSet for COVID-19 vaccines,"ValueSet for COVID-19 vaccines for IMMZ.Z.DE26","ValueSet/IMMZ.Z.VS","SCT,Internal,hl7.terminology.r4"
http://smart.who.int/immunizations/ValueSet/IMMZ.Z.DE27,0.2.0,active,,IMMZ_Z_DE27,IMMZ.Z.DE27 ValueSet for Malaria vaccines,"ValueSet for Malaria vaccines for IMMZ.Z.DE27","ValueSet/IMMZ.Z.VS","Internal,hl7.terminology.r4"
http://smart.who.int/immunizations/ValueSet/IMMZ.Z.DE28,0.2.0,active,,IMMZ_Z_DE28,IMMZ.Z.DE28 ValueSet for Tetanus and diphtheria-containing vaccines,"ValueSet for Tetanus and diphtheria-containing vaccines for IMMZ.Z.DE28","ValueSet/IMMZ.Z.VS","Internal,hl7.terminology.r4"
http://smart.who.int/immunizations/ValueSet/IMMZ.Z.DE29,0.2.0,active,,IMMZ_Z_DE29,IMMZ.Z.DE29 ValueSet for Pentavalent vaccines,"ValueSet for Pentavalent vaccines for IMMZ.Z.DE29","ValueSet/IMMZ.Z.VS","Internal,hl7.terminology.r4"
http://smart.who.int/immunizations/ValueSet/IMMZ.Z.DE3,0.2.0,active,,IMMZ_Z_DE3,IMMZ.Z.DE3 ValueSet for Diphtheria-containing vaccines,"ValueSet for Diphtheria-containing vaccines for IMMZ.Z.DE3","ValueSet/IMMZ.Z.VS","SCT,Internal,LOINC,hl7.terminology.r4"
http://smart.who.int/immunizations/ValueSet/IMMZ.Z.DE30,0.2.0,active,,IMMZ_Z_DE30,IMMZ.Z.DE30 ValueSet for Oral polio vaccines,"ValueSet for Oral polio vaccines for IMMZ.Z.DE30","ValueSet/IMMZ.Z.VS","Internal,hl7.terminology.r4"
http://smart.who.int/immunizations/ValueSet/IMMZ.Z.DE30,null,active,,IMMZ_Z_DE30,IMMZ.Z.DE30 ValueSet for Oral polio vaccines,"ValueSet for Oral polio vaccines for IMMZ.Z.DE30",,"Internal,hl7.terminology.r4"
http://smart.who.int/immunizations/ValueSet/IMMZ.Z.DE31,0.2.0,active,,IMMZ_Z_DE31,IMMZ.Z.DE31 ValueSet for Inactivated polio vaccines,"ValueSet for Inactivated polio vaccines for IMMZ.Z.DE31","ValueSet/IMMZ.Z.VS","Internal,hl7.terminology.r4"
http://smart.who.int/immunizations/ValueSet/IMMZ.Z.DE31,null,active,,IMMZ_Z_DE31,IMMZ.Z.DE31 ValueSet for Inactivated polio vaccines,"ValueSet for Inactivated polio vaccines for IMMZ.Z.DE31",,"Internal,hl7.terminology.r4"
http://smart.who.int/immunizations/ValueSet/IMMZ.Z.DE32,0.2.0,active,,IMMZ_Z_DE32,IMMZ.Z.DE32 ValueSet for Measles and rubella-containing vaccines,"ValueSet for Measles and rubella-containing vaccines for IMMZ.Z.DE32","ValueSet/IMMZ.Z.VS","Internal,LOINC,hl7.terminology.r4"
http://smart.who.int/immunizations/ValueSet/IMMZ.Z.DE33,0.2.0,active,,IMMZ_Z_DE33,IMMZ.Z.DE33 ValueSet for Tetanus and diphtheria-containing vaccines (DT),"ValueSet for Tetanus and diphtheria-containing vaccines (DT) for IMMZ.Z.DE33","ValueSet/IMMZ.Z.VS","Internal,hl7.terminology.r4"
http://smart.who.int/immunizations/ValueSet/IMMZ.Z.DE34,0.2.0,active,,IMMZ_Z_DE34,IMMZ.Z.DE34 ValueSet for Tetanus and diphtheria-containing vaccines (Td),"ValueSet for Tetanus and diphtheria-containing vaccines (Td) for IMMZ.Z.DE34","ValueSet/IMMZ.Z.VS","Internal,hl7.terminology.r4"
http://smart.who.int/immunizations/ValueSet/IMMZ.Z.DE4,0.2.0,active,,IMMZ_Z_DE4,IMMZ.Z.DE4 ValueSet for Hib-containing vaccines,"ValueSet for Hib-containing vaccines for IMMZ.Z.DE4","ValueSet/IMMZ.Z.VS","SCT,Internal,LOINC,hl7.terminology.r4"
http://smart.who.int/immunizations/ValueSet/IMMZ.Z.DE5,0.2.0,active,,IMMZ_Z_DE5,IMMZ.Z.DE5 ValueSet for Hepatitis A-containing vaccines,"ValueSet for Hepatitis A-containing vaccines for IMMZ.Z.DE5","ValueSet/IMMZ.Z.VS","SCT,Internal,hl7.terminology.r4"
http://smart.who.int/immunizations/ValueSet/IMMZ.Z.DE5,null,active,,IMMZ_Z_DE5,IMMZ.Z.DE5 ValueSet for Hepatitis A-containing vaccines,"ValueSet for Hepatitis A-containing vaccines for IMMZ.Z.DE5",,"SCT,Internal,hl7.terminology.r4"
http://smart.who.int/immunizations/ValueSet/IMMZ.Z.DE5,null,active,,IMMZ_Z_DE5,IMMZ.Z.DE5 ValueSet for Hepatitis A-containing vaccines,"ValueSet for Hepatitis A-containing vaccines for IMMZ.Z.DE5",,"SCT,Internal,hl7.terminology.r4"
http://smart.who.int/immunizations/ValueSet/IMMZ.Z.DE6,0.2.0,active,,IMMZ_Z_DE6,IMMZ.Z.DE6 ValueSet for Hepatitis B-containing vaccines,"ValueSet for Hepatitis B-containing vaccines for IMMZ.Z.DE6","ValueSet/IMMZ.Z.VS","SCT,Internal,LOINC,hl7.terminology.r4"
http://smart.who.int/immunizations/ValueSet/IMMZ.Z.DE6,null,active,,IMMZ_Z_DE6,IMMZ.Z.DE6 ValueSet for Hepatitis B-containing vaccines,"ValueSet for Hepatitis B-containing vaccines for IMMZ.Z.DE6",,"SCT,Internal,LOINC,hl7.terminology.r4"
http://smart.who.int/immunizations/ValueSet/IMMZ.Z.DE6,null,active,,IMMZ_Z_DE6,IMMZ.Z.DE6 ValueSet for Hepatitis B-containing vaccines,"ValueSet for Hepatitis B-containing vaccines for IMMZ.Z.DE6",,"SCT,Internal,LOINC,hl7.terminology.r4"
http://smart.who.int/immunizations/ValueSet/IMMZ.Z.DE7,0.2.0,active,,IMMZ_Z_DE7,IMMZ.Z.DE7 ValueSet for HPV vaccines,"ValueSet for HPV vaccines for IMMZ.Z.DE7","ValueSet/IMMZ.Z.VS","SCT,Internal,hl7.terminology.r4"
http://smart.who.int/immunizations/ValueSet/IMMZ.Z.DE8,0.2.0,active,,IMMZ_Z_DE8,IMMZ.Z.DE8 ValueSet for JE vaccines,"ValueSet for JE vaccines for IMMZ.Z.DE8","ValueSet/IMMZ.Z.VS","SCT,Internal,hl7.terminology.r4"
http://smart.who.int/immunizations/ValueSet/IMMZ.Z.DE8,null,active,,IMMZ_Z_DE8,IMMZ.Z.DE8 ValueSet for JE vaccines,"ValueSet for JE vaccines for IMMZ.Z.DE8",,"SCT,Internal,hl7.terminology.r4"
http://smart.who.int/immunizations/ValueSet/IMMZ.Z.DE8,null,active,,IMMZ_Z_DE8,IMMZ.Z.DE8 ValueSet for JE vaccines,"ValueSet for JE vaccines for IMMZ.Z.DE8",,"SCT,Internal,hl7.terminology.r4"
http://smart.who.int/immunizations/ValueSet/IMMZ.Z.DE9,0.2.0,active,,IMMZ_Z_DE9,IMMZ.Z.DE9 ValueSet for Measles-containing vaccines,"ValueSet for Measles-containing vaccines for IMMZ.Z.DE9","ValueSet/IMMZ.Z.VS","SCT,Internal,LOINC,hl7.terminology.r4"
http://smart.who.int/immunizations/ValueSet/IMMZ.Z.DE9,null,active,,IMMZ_Z_DE9,IMMZ.Z.DE9 ValueSet for Measles-containing vaccines,"ValueSet for Measles-containing vaccines for IMMZ.Z.DE9",,"SCT,Internal,LOINC,hl7.terminology.r4"
http://smart.who.int/immunizations/ValueSet/IMMZ.Z.LiveAttenuated,0.2.0,active,,IMMZ_Z_LiveAttenuated,IMMZ.Z.LiveAttenuated ValueSet for live attenuated vaccines,"ValueSet for live attenuated vaccine types for IMMZ.Z.LiveAttenuated",,"SCT,hl7.terminology.r4"
http://smart.who.int/immunizations/ValueSet/IMMZ.Z.VS,null,active,,IMMZ_Z_VS,IMMZ.Z.VS ValueSet for vaccine types,"ValueSet for vaccine types for IMMZ.Z",,
http://smart.who.int/immunizations/ValueSet/IMMZ.Z.VS,null,active,,IMMZ_Z_VS,IMMZ.Z.VS ValueSet for vaccine types,"ValueSet for vaccine types for IMMZ.Z",,
http://smart.who.int/immunizations/ValueSet/IMMZ.Z.VS,0.2.0,active,,IMMZ_Z_VS,IMMZ.Z.VS ValueSet for vaccine types,"ValueSet for vaccine types for IMMZ.Z","ValueSet/IMMZ.D.DE19,StructureDefinition/IMMZD1,StructureDefinition/IMMZ.Immunization,StructureDefinition/IMMZD13",
